user,text
@coookwithchris,"In my coaching program we give you all the tools to be healthy forever

Not just a 90 day “diet”

Not only will you learn a system of cooking & eating that you’ll take with you the rest of your life…

You will have access to a naturopath to analyze blood and gut tests

You will…"
@coookwithchris,"In my coaching program we give you all the tools to be healthy forever

Not just a 90 day “diet”

Not only will you learn a system of cooking & eating that you’ll take with you the rest of your life…

You will have access to a naturopath to analyze blood and gut tests

You will…"
@coookwithchris,"In my coaching program we give you all the tools to be healthy forever

Not just a 90 day “diet”

Not only will you learn a system of cooking & eating that you’ll take with you the rest of your life…

You will have access to a naturopath to analyze blood and gut tests

You will…"
@coookwithchris,"In my coaching program we give you all the tools to be healthy forever

Not just a 90 day “diet”

Not only will you learn a system of cooking & eating that you’ll take with you the rest of your life…

You will have access to a naturopath to analyze blood and gut tests

You will…"
@coookwithchris,"In my coaching program we give you all the tools to be healthy forever

Not just a 90 day “diet”

Not only will you learn a system of cooking & eating that you’ll take with you the rest of your life…

You will have access to a naturopath to analyze blood and gut tests

You will…"
